{
  "US": {
    "actuals": {
      "2026 Jan": {
        "spend": 2705706.84,
        "regs": 39199,
        "brand_spend": 820107.9199999999,
        "brand_regs": 12637,
        "nb_spend": 1885598.92,
        "nb_regs": 26562,
        "cpa": 69.02489451261512,
        "brand_cpa": 64.89735855028883,
        "nb_cpa": 70.98858971462992
      },
      "2026 Feb": {
        "spend": 2742228.31,
        "regs": 32646,
        "brand_spend": 826281.9500000001,
        "brand_regs": 10463,
        "nb_spend": 1915946.3599999999,
        "nb_regs": 22183,
        "cpa": 83.99890675733627,
        "brand_cpa": 78.97180063079423,
        "nb_cpa": 86.37002930171752
      },
      "2026 Mar": {
        "spend": 1843456.2100000004,
        "regs": 24222,
        "brand_spend": 579472.1699999999,
        "brand_regs": 7610,
        "nb_spend": 1263984.0400000005,
        "nb_regs": 16612,
        "cpa": 76.10668854760137,
        "brand_cpa": 76.14614586070958,
        "nb_cpa": 76.08861305080667
      }
    },
    "op2": {
      "spend_op2": {
        "2026 Jan": 2741496.575055546,
        "2026 Feb": 2588377.3712108224,
        "2026 Mar": 2744317.7608174286,
        "2026 Apr": 2831154.2376567423,
        "2026 May": 2828492.9057763843,
        "2026 Jun": 2806896.5361768208,
        "2026 Jul": 3052082.0023461925,
        "2026 Aug": 3010098.8973276415,
        "2026 Sep": 2938558.156695053,
        "2026 Oct": 3162884.8510888563,
        "2026 Nov": 2699575.26633499,
        "2026 Dec": 2673287.1439309455
      },
      "regs_op2": {
        "2026 Jan": 30435,
        "2026 Feb": 28323,
        "2026 Mar": 30517,
        "2026 Apr": 31076,
        "2026 May": 31036,
        "2026 Jun": 29891,
        "2026 Jul": 32162,
        "2026 Aug": 30832,
        "2026 Sep": 30460,
        "2026 Oct": 32617,
        "2026 Nov": 26780,
        "2026 Dec": 26704
      }
    }
  },
  "CA": {
    "actuals": {
      "2026 Jan": {
        "spend": 235294.28000000006,
        "regs": 3114,
        "brand_spend": 107921.52999999998,
        "brand_regs": 1969,
        "nb_spend": 127372.75000000007,
        "nb_regs": 1145,
        "cpa": 75.56014129736675,
        "brand_cpa": 54.81032503809039,
        "nb_cpa": 111.24257641921403
      },
      "2026 Feb": {
        "spend": 207630.11999999997,
        "regs": 2815,
        "brand_spend": 103133.73,
        "brand_regs": 1834,
        "nb_spend": 104496.38999999997,
        "nb_regs": 981,
        "cpa": 73.75847957371225,
        "brand_cpa": 56.234312977099236,
        "nb_cpa": 106.52027522935776
      },
      "2026 Mar": {
        "spend": 155337.66,
        "regs": 2095,
        "brand_spend": 75420.54,
        "brand_regs": 1406,
        "nb_spend": 79917.12000000001,
        "nb_regs": 689,
        "cpa": 74.14685441527446,
        "brand_cpa": 53.64192034139402,
        "nb_cpa": 115.99001451378811
      }
    },
    "op2": {
      "spend_op2": {
        "2026 Jan": 240818.0,
        "2026 Feb": 209599.0,
        "2026 Mar": 228258.0,
        "2026 Apr": 214436.0,
        "2026 May": 231800.0,
        "2026 Jun": 228439.0,
        "2026 Jul": 260474.0,
        "2026 Aug": 245755.0,
        "2026 Sep": 273447.0,
        "2026 Oct": 308402.0,
        "2026 Nov": 240682.0,
        "2026 Dec": 217891.0
      },
      "regs_op2": {
        "2026 Jan": 2719,
        "2026 Feb": 2398,
        "2026 Mar": 2592,
        "2026 Apr": 2447,
        "2026 May": 2720,
        "2026 Jun": 2695,
        "2026 Jul": 3066,
        "2026 Aug": 2947,
        "2026 Sep": 3296,
        "2026 Oct": 3551,
        "2026 Nov": 2880,
        "2026 Dec": 2574
      }
    }
  },
  "UK": {
    "actuals": {
      "2026 Jan": {
        "spend": 491224.54000000015,
        "regs": 6754,
        "brand_spend": 179594.08,
        "brand_regs": 2520,
        "nb_spend": 311630.4600000002,
        "nb_regs": 4234,
        "cpa": 72.73090612970094,
        "brand_cpa": 71.26749206349206,
        "nb_cpa": 73.60190363722253
      },
      "2026 Feb": {
        "spend": 384984.22,
        "regs": 5605,
        "brand_spend": 157002.0,
        "brand_regs": 2178,
        "nb_spend": 227982.21999999997,
        "nb_regs": 3427,
        "cpa": 68.68585548617305,
        "brand_cpa": 72.08539944903582,
        "nb_cpa": 66.5253049314269
      },
      "2026 Mar": {
        "spend": 273180.67,
        "regs": 4149,
        "brand_spend": 109983.75,
        "brand_regs": 1549,
        "nb_spend": 163196.91999999998,
        "nb_regs": 2600,
        "cpa": 65.84253314051578,
        "brand_cpa": 71.0030664945126,
        "nb_cpa": 62.76804615384615
      }
    },
    "op2": {
      "spend_op2": {
        "2026 Jan": 432650.99133639794,
        "2026 Feb": 408491.409174243,
        "2026 Mar": 460637.8340391077,
        "2026 Apr": 400775.7124174862,
        "2026 May": 387317.4124174862,
        "2026 Jun": 374798.01241748617,
        "2026 Jul": 416809.61241748615,
        "2026 Aug": 365195.8124174862,
        "2026 Sep": 524075.4124174862,
        "2026 Oct": 588851.1999174862,
        "2026 Nov": 588233.8671049862,
        "2026 Dec": 377610.15772998624
      },
      "regs_op2": {
        "2026 Jan": 4862,
        "2026 Feb": 4592,
        "2026 Mar": 5174,
        "2026 Apr": 4492,
        "2026 May": 4359,
        "2026 Jun": 4226,
        "2026 Jul": 4743,
        "2026 Aug": 4136,
        "2026 Sep": 5582,
        "2026 Oct": 6273,
        "2026 Nov": 6231,
        "2026 Dec": 4017
      }
    }
  },
  "DE": {
    "actuals": {
      "2026 Jan": {
        "spend": 857232.5299999999,
        "regs": 7168,
        "brand_spend": 359192.9800000001,
        "brand_regs": 4175,
        "nb_spend": 498039.5499999998,
        "nb_regs": 2993,
        "cpa": 119.591591796875,
        "brand_cpa": 86.03424670658686,
        "nb_cpa": 166.40145339124618
      },
      "2026 Feb": {
        "spend": 668135.88,
        "regs": 5779,
        "brand_spend": 286696.61999999994,
        "brand_regs": 3426,
        "nb_spend": 381439.26000000007,
        "nb_regs": 2353,
        "cpa": 115.61444540577955,
        "brand_cpa": 83.6826094570928,
        "nb_cpa": 162.1076328091798
      },
      "2026 Mar": {
        "spend": 466725.0700000002,
        "regs": 4174,
        "brand_spend": 194227.68999999994,
        "brand_regs": 2483,
        "nb_spend": 272497.38000000024,
        "nb_regs": 1691,
        "cpa": 111.81721849544806,
        "brand_cpa": 78.22299234796614,
        "nb_cpa": 161.145700768776
      }
    },
    "op2": {
      "spend_op2": {
        "2026 Jan": 707599.082665836,
        "2026 Feb": 652349.082665836,
        "2026 Mar": 657549.082665836,
        "2026 Apr": 605744.082665836,
        "2026 May": 656384.082665836,
        "2026 Jun": 658709.082665836,
        "2026 Jul": 764309.082665836,
        "2026 Aug": 577109.082665836,
        "2026 Sep": 711359.082665836,
        "2026 Oct": 759062.6528064779,
        "2026 Nov": 791159.082665836,
        "2026 Dec": 570936.582665836
      },
      "regs_op2": {
        "2026 Jan": 6656,
        "2026 Feb": 6107,
        "2026 Mar": 6129,
        "2026 Apr": 5747,
        "2026 May": 5734,
        "2026 Jun": 5811,
        "2026 Jul": 6826,
        "2026 Aug": 5056,
        "2026 Sep": 6245,
        "2026 Oct": 6758,
        "2026 Nov": 6977,
        "2026 Dec": 4929
      }
    }
  },
  "FR": {
    "actuals": {
      "2026 Jan": {
        "spend": 265267.61,
        "regs": 4550,
        "brand_spend": 85291.04,
        "brand_regs": 2019,
        "nb_spend": 179976.57,
        "nb_regs": 2531,
        "cpa": 58.30057362637363,
        "brand_cpa": 42.244200099058936,
        "nb_cpa": 71.10887791386804
      },
      "2026 Feb": {
        "spend": 267189.22000000003,
        "regs": 4323,
        "brand_spend": 74900.65000000001,
        "brand_regs": 1810,
        "nb_spend": 192288.57,
        "nb_regs": 2513,
        "cpa": 61.80643534582467,
        "brand_cpa": 41.38157458563536,